<?xml version="1.0" encoding="UTF-8"?>
<project-private xmlns="http://www.netbeans.org/ns/project-private/1">
    <editor-bookmarks xmlns="http://www.netbeans.org/ns/editor-bookmarks/2" lastBookmarkId="0"/>
    <open-files xmlns="http://www.netbeans.org/ns/projectui-open-files/2">
        <group>
            <file>file:/Users/danielcender/Documents/PVCC-Spring-2018/CIS263-Java-II/Chapter%201-9%20Review%20Work/SalesReport/src/salesreport/Sales.java</file>
            <file>file:/Users/danielcender/Documents/PVCC-Spring-2018/CIS263-Java-II/Chapter%201-9%20Review%20Work/SalesReport/src/salesreport/SalesReport.java</file>
        </group>
    </open-files>
</project-private>
